Model,RMSE,R2
Linear Regression,3341.0353251263214,0.4501224287085418
Decision Tree,2906.8115967191784,0.5837659171132719
Random Forest,2363.3092282623584,0.724865550034858
XGBoost,2202.1297127637145,0.7611145688459725
