Model,RMSE,R2
Linear Regression,3732.811994050674,0.42463405052954417
Decision Tree,2675.9489954012665,0.7043161629223748
Random Forest,2510.3951946860557,0.7397707485077029
XGBoost,2175.270953404744,0.8046116595864115
AdaBoost Regressor,3439.3775995055794,0.5115370370790344
KNN Regressor,2764.8547769819934,0.6843421654821493
