Model,RMSE,R2
Linear Regression,3349.524906635407,0.4438255394895094
Decision Tree,2476.975821287647,0.6958497667855454
Random Forest,2195.3632100230025,0.7610773168930192
XGBoost,2305.8059858322495,0.7364335398651598
AdaBoost Regressor,3078.3743738019944,0.530227608937007
KNN Regressor,2411.55667024376,0.7117033716339862
