,RMSE,R2
Linear Regression,3171.2105749361203,0.5706856055315042
Decision Tree,2932.8221971400867,0.6328050013496331
Random Forest,2603.9162332831015,0.7105461661277934
XGBoost,2317.4570421313315,0.7707292386507505
